ticker,date,action,shares
AAPL,2024-10-25,BUY,1
AAPL,2024-10-25,BUY,1
AAPL,2025-04-07,SELL,2
AAPL,2025-04-07,BUY,1
ADC,2024-10-25,BUY,1
ADC,2024-11-14,SELL,1
ADI,2024-10-25,BUY,1
ADI,2025-04-07,SELL,1
ADI,2025-04-07,BUY,1
ADM,2024-10-25,BUY,1
ADM,2024-11-14,SELL,1
ADP,2024-10-25,BUY,1
ADP,2024-11-14,SELL,1
AFL,2024-10-25,BUY,1
AFL,2024-11-14,SELL,1
AGNC,2024-10-25,BUY,1
AGNC,2024-11-14,SELL,1
AI,2024-10-25,BUY,1
AI,2025-04-07,SELL,1
AI,2025-04-07,BUY,1
AIR.PA,2024-10-25,BUY,1
AMAT,2024-10-25,BUY,1
AMAT,2025-04-07,SELL,1
AMAT,2025-04-07,BUY,1
AMD,2024-10-25,BUY,1
AMD,2025-04-07,SELL,1
AMD,2025-04-07,BUY,1
AMZN,2024-10-25,BUY,1
AMZN,2025-04-07,SELL,1
AMZN,2025-04-07,BUY,1
ANET,2024-10-25,BUY,1
ANET,2025-04-07,SELL,1
ANET,2025-04-07,BUY,1
APH,2024-10-25,BUY,1
APH,2025-04-07,SELL,1
APH,2025-04-07,BUY,1
APLD,2025-01-07,BUY,1
APLD,2025-01-07,BUY,1
APLD,2025-01-07,BUY,1
APLD,2025-01-14,BUY,1
APLD,2025-12-22,BUY,1
ASM.AS,2024-10-25,BUY,1
ASM.AS,2025-04-07,SELL,1
ASM.AS,2025-04-07,BUY,1
ASML,2024-10-25,BUY,1
ASML,2025-04-07,SELL,1
ASML,2025-04-07,BUY,1
AV.L,2025-03-17,BUY,1
AVAH,2025-12-22,BUY,1
AVAV,2024-10-25,BUY,1
AVAV,2024-10-25,BUY,1
AVGO,2024-10-25,BUY,1
AVGO,2025-04-07,SELL,1
AVGO,2025-04-07,BUY,1
BA.L,2024-10-25,BUY,1
BAB.L,2025-03-14,BUY,1
BABA,2025-04-28,BUY,1
BAH,2024-10-25,BUY,1
BBAI,2025-01-03,BUY,1
BBAI,2025-02-05,BUY,1
BBAI,2025-02-05,BUY,1
BBAI,2025-04-28,BUY,1
BBAI,2025-04-28,BUY,1
BEN,2024-10-25,BUY,1
BEN,2024-11-14,SELL,1
BESI.AS,2024-10-25,BUY,1
BESI.AS,2025-04-07,SELL,1
BESI.AS,2025-04-07,BUY,1
BKCN.L,2025-02-18,BUY,1
BKCN.L,2025-04-04,SELL,1
BKR,2025-01-07,BUY,1
BKR,2025-01-07,BUY,1
BKR,2025-01-07,BUY,1
BKR,2025-02-03,BUY,1
BKR,2025-02-03,BUY,1
BKR,2025-07-22,SELL,5
BLK,2024-10-25,BUY,1
BLK,2024-11-14,SELL,1
BMO,2024-10-25,BUY,1
BMO,2024-11-14,SELL,1
BMY,2024-10-25,BUY,1
BMY,2024-11-14,SELL,1
BNS,2024-10-25,BUY,1
BNS,2024-10-25,BUY,1
BNS,2024-11-14,SELL,2
BORR,2025-12-22,BUY,1
BROS,2025-01-07,BUY,1
BROS,2025-01-07,BUY,1
BROS,2025-01-07,BUY,1
BROS,2025-02-18,BUY,1
BROS,2025-04-07,SELL,4
CAH,2024-10-25,BUY,1
CAH,2024-11-14,SELL,1
CB,2024-10-25,BUY,1
CB,2024-11-14,SELL,1
CCJ,2025-03-17,BUY,1
CCJ,2025-04-28,SELL,1
CDNS,2024-10-25,BUY,1
CDNS,2025-04-07,SELL,1
CDNS,2025-04-07,BUY,1
CEG,2024-10-25,BUY,1
CEG,2025-04-07,SELL,1
CEG,2025-04-07,BUY,1
CGNX,2024-10-25,BUY,1
CGNX,2025-04-07,SELL,1
CGNX,2025-04-07,BUY,1
CHKP,2024-10-25,BUY,1
CHKP,2025-04-07,SELL,1
CHKP,2025-04-07,BUY,1
CLS,2024-10-25,BUY,1
CLS,2025-04-07,SELL,1
CLS,2025-04-07,BUY,1
CNQ,2024-10-25,BUY,1
CNQ,2024-11-14,SELL,1
COFF.L,2024-11-18,BUY,1
COFF.L,2025-02-06,SELL,1
COFF.L,2025-02-06,BUY,1
COFF.L,2025-04-08,SELL,1
COFF.L,2025-04-08,BUY,1
COFF.L,2025-06-30,SELL,1
COHR,2024-10-25,BUY,1
COHR,2025-04-07,SELL,1
COHR,2025-04-07,BUY,1
COPB.L,2025-02-10,BUY,1
COPB.L,2025-03-10,SELL,1
CRM,2025-03-24,BUY,1
CRM,2025-05-16,SELL,1
CRVS,2024-11-20,BUY,1
CRVS,2025-02-03,SELL,1
CRWD,2024-10-25,BUY,1
CRWD,2025-04-07,SELL,1
CRWD,2025-04-07,BUY,1
CSCO,2024-10-25,BUY,1
CSCO,2024-11-14,SELL,1
CSCO,2026-05-13,BUY,1
CVSA,2025-02-18,BUY,1
CVSA,2025-02-18,BUY,1
CVSA,2025-04-07,SELL,2
CVX,2024-10-25,BUY,1
CVX,2024-11-14,SELL,1
CW,2024-10-25,BUY,1
DAGB.L,2024-11-11,BUY,1
DAGB.L,2024-11-11,BUY,1
DAGB.L,2024-11-11,BUY,1
DAGB.L,2025-02-03,SELL,3
DELL,2024-10-25,BUY,1
DELL,2025-04-07,SELL,1
DELL,2025-04-07,BUY,1
DLR,2024-10-25,BUY,1
DLR,2025-04-07,SELL,1
DLR,2025-04-07,BUY,1
ECL,2024-10-25,BUY,1
ECL,2024-11-14,SELL,1
EMR,2024-10-25,BUY,1
EMR,2024-11-14,SELL,1
ENGI.PA,2025-08-13,BUY,1
ENGI.PA,2025-08-13,BUY,1
EOSE,2026-05-13,BUY,1
EQIX,2024-10-25,BUY,1
EQIX,2025-04-07,SELL,1
EQIX,2025-04-07,BUY,1
EQQQ.L,2025-01-23,BUY,1
EQQQ.L,2025-02-05,SELL,1
EQQQ.L,2025-02-11,BUY,1
EQQQ.L,2025-04-09,SELL,1
EQQQ.L,2025-04-14,BUY,1
ESGB.L,2025-06-30,BUY,1
ESGB.L,2026-01-05,SELL,1
ETN,2024-10-25,BUY,1
ETN,2025-04-07,SELL,1
ETN,2025-04-07,BUY,1
FINMY,2024-10-25,BUY,1
FLEX,2024-10-25,BUY,1
FLEX,2025-04-07,SELL,1
FLEX,2025-04-07,BUY,1
FN,2024-10-25,BUY,1
FN,2025-04-07,SELL,1
FN,2025-04-07,BUY,1
FTNT,2024-10-25,BUY,1
FTNT,2025-04-07,SELL,1
FTNT,2025-04-07,BUY,1
FTWG.L,2025-02-11,BUY,1
FTWG.L,2025-07-03,SELL,1
GD,2024-10-25,BUY,1
GD,2024-10-25,BUY,1
GD,2024-11-14,SELL,2
GE,2024-10-25,BUY,1
GEV,2024-10-25,BUY,1
GEV,2025-04-07,SELL,1
GEV,2025-04-07,BUY,1
GLDW.L,2025-01-27,BUY,1
GOOD,2024-10-25,BUY,1
GOOD,2024-11-14,SELL,1
GOOGL,2024-10-25,BUY,1
GOOGL,2025-04-07,SELL,1
GOOGL,2025-04-07,BUY,1
GRAB,2025-09-17,BUY,1
GWW,2024-10-25,BUY,1
GWW,2024-11-14,SELL,1
HEAW.L,2025-01-29,BUY,1
HEAW.L,2025-01-29,BUY,1
HEAW.L,2025-03-05,SELL,2
HERG.L,2025-02-07,BUY,1
HERG.L,2025-02-07,BUY,1
HERG.L,2025-04-07,SELL,2
HII,2024-10-25,BUY,1
HOC.L,2025-03-17,BUY,1
HPE,2024-10-25,BUY,1
HPE,2025-04-07,SELL,1
HPE,2025-04-07,BUY,1
HWM,2024-10-25,BUY,1
HWM,2024-10-25,BUY,1
IBM,2024-10-25,BUY,1
IBM,2024-11-14,SELL,1
ICL,2025-02-03,BUY,1
ICL,2025-02-03,BUY,1
ICL,2025-08-12,SELL,2
ICSU.L,2025-01-27,BUY,1
ICSU.L,2026-01-15,SELL,1
IIND.L,2024-11-12,BUY,1
IIND.L,2025-02-03,SELL,1
INTL.L,2026-04-16,BUY,1
IRM,2024-10-25,BUY,1
IRM,2025-04-07,SELL,1
IRM,2025-04-07,BUY,1
ITW,2024-10-25,BUY,1
ITW,2024-11-14,SELL,1
IUHC.L,2024-11-11,BUY,1
IUHC.L,2024-11-11,BUY,1
IUHC.L,2025-01-29,SELL,2
IUVF.L,2026-04-16,BUY,1
JNJ,2024-10-25,BUY,1
JNJ,2024-11-14,SELL,1
JPM,2024-10-25,BUY,1
JPM,2024-11-14,SELL,1
KLAC,2024-10-25,BUY,1
KLAC,2025-04-07,SELL,1
KLAC,2025-04-07,BUY,1
KLAC,2025-04-07,BUY,1
KMB,2024-10-25,BUY,1
KMB,2024-10-25,BUY,1
KMB,2024-11-14,SELL,2
KO,2024-10-25,BUY,1
KO,2024-11-14,SELL,1
KSS,2025-12-22,BUY,1
KTOS,2024-10-25,BUY,1
LDOS,2024-10-25,BUY,1
LGEN.L,2025-08-12,BUY,1
LHX,2024-10-25,BUY,1
LMT,2024-10-25,BUY,1
LOW,2024-10-25,BUY,1
LOW,2024-11-14,SELL,1
LRCX,2024-10-25,BUY,1
LRCX,2025-04-07,SELL,1
LRCX,2025-04-07,BUY,1
LTC,2024-10-25,BUY,1
LTC,2024-10-25,BUY,1
LTC,2024-11-14,SELL,2
MA,2024-10-25,BUY,1
MA,2024-11-14,SELL,1
MAIN,2024-10-25,BUY,1
MAIN,2024-11-14,SELL,1
MCD,2024-10-25,BUY,1
MCD,2024-11-14,SELL,1
MDB,2025-01-22,BUY,1
MDB,2025-04-07,SELL,1
META,2024-10-24,BUY,1
META,2024-10-25,SELL,1
META,2024-10-25,BUY,1
META,2025-04-07,SELL,1
META,2025-04-07,BUY,1
MP,2025-07-22,BUY,1
MRVL,2024-12-04,BUY,1
MRVL,2025-01-31,SELL,1
MSFT,2024-10-25,BUY,1
MSFT,2024-11-14,SELL,1
MSTR,2025-03-18,BUY,1
MSTR,2025-03-28,SELL,1
MSTR,2025-04-02,BUY,1
MSTR,2025-04-04,BUY,1
MSTR,2025-04-07,BUY,1
MSTR,2025-04-09,BUY,1
MSTR,2025-04-14,BUY,1
MSTS.L,2025-04-07,BUY,1
MSTS.L,2025-04-07,SELL,1
MU,2024-10-25,BUY,1
MU,2025-04-07,SELL,1
MU,2025-04-07,BUY,1
MVST,2025-02-18,BUY,1
NCLP.L,2026-01-05,BUY,1
NET,2024-10-25,BUY,1
NET,2025-04-07,SELL,1
NET,2025-04-07,BUY,1
NOC,2024-10-25,BUY,1
NRG,2024-10-25,BUY,1
NRG,2025-04-07,SELL,1
NRG,2025-04-07,BUY,1
NUE,2024-10-25,BUY,1
NUE,2024-11-14,SELL,1
NVDA,2024-10-25,BUY,1
NVDA,2025-04-07,SELL,1
NVDA,2025-04-07,BUY,1
NVO,2025-08-26,BUY,1
O,2024-10-25,BUY,1
O,2024-11-14,SELL,1
OKTA,2024-10-25,BUY,1
OKTA,2025-04-07,SELL,1
OKTA,2025-04-07,BUY,1
ORN,2025-12-22,BUY,1
PANW,2024-10-25,BUY,1
PANW,2025-04-07,SELL,1
PANW,2025-04-07,BUY,1
PCG,2025-10-06,BUY,1
PEP,2024-10-25,BUY,1
PEP,2024-11-14,SELL,1
PG,2024-10-25,BUY,1
PG,2024-11-14,SELL,1
PL,2026-03-10,BUY,1
PLMR,2026-01-20,BUY,1
PLTR,2024-10-25,BUY,1
PLTR,2025-04-07,SELL,1
PLTR,2025-04-07,BUY,1
PNR,2024-10-25,BUY,1
PNR,2024-11-14,SELL,1
PPG,2024-10-25,BUY,1
PPG,2024-11-14,SELL,1
PRVA,2025-02-18,BUY,1
PRVA,2025-04-07,SELL,1
PSEC,2024-10-25,BUY,1
PSEC,2024-11-14,SELL,1
QBTS,2025-08-11,BUY,1
QCOM,2024-10-25,BUY,1
QCOM,2025-04-07,SELL,1
QCOM,2025-04-07,BUY,1
RHM.DE,2024-10-25,BUY,1
RKLB,2025-01-03,BUY,1
RKLB,2025-01-10,BUY,1
ROBO.L,2025-09-17,BUY,1
ROBO.L,2025-09-17,BUY,1
ROP,2024-10-25,BUY,1
ROP,2024-11-14,SELL,1
RR.L,2024-10-25,BUY,1
RTX,2024-10-25,BUY,1
RY,2024-10-25,BUY,1
RY,2024-11-14,SELL,1
SAF.PA,2024-10-25,BUY,1
SBUX,2024-10-25,BUY,1
SBUX,2024-11-14,SELL,1
SGLN.L,2024-10-25,BUY,1
SGLN.L,2024-10-31,BUY,1
SGLN.L,2024-10-31,BUY,1
SHOP,2024-11-20,BUY,1
SHW,2024-10-25,BUY,1
SHW,2024-11-14,SELL,1
SLB,2024-10-25,BUY,1
SLB,2024-11-14,SELL,1
SMCI,2024-10-25,BUY,1
SMCI,2024-11-14,SELL,1
SMCI,2025-02-05,BUY,1
SMCI,2025-02-05,BUY,1
SMCI,2025-02-07,BUY,1
SMCI,2025-02-12,BUY,1
SMCI,2025-08-22,SELL,4
SNPS,2024-10-25,BUY,1
SNPS,2025-04-07,SELL,1
SNPS,2025-04-07,BUY,1
SOUN,2024-10-25,BUY,1
SOUN,2025-04-07,SELL,1
SOUN,2025-04-07,BUY,1
SQQQ.L,2025-04-07,BUY,1
SQQQ.L,2025-04-07,SELL,1
SQQQ.L,2025-04-07,BUY,1
SQQQ.L,2025-04-07,SELL,1
STAG,2024-10-25,BUY,1
STAG,2024-11-14,SELL,1
SXLI.L,2026-04-16,BUY,1
SYY,2024-10-25,BUY,1
SYY,2024-11-14,SELL,1
TCEHY,2025-04-28,BUY,1
TD,2024-10-25,BUY,1
TD,2024-11-14,SELL,1
TDG,2024-10-25,BUY,1
TEM,2026-01-06,BUY,1
TER,2024-10-25,BUY,1
TER,2025-04-07,SELL,1
TER,2025-04-07,BUY,1
TKA.DE,2025-02-17,BUY,1
TKA.DE,2025-04-07,SELL,1
TROW,2024-10-25,BUY,1
TROW,2024-11-14,SELL,1
TSLA,2024-10-25,BUY,1
TSLA,2025-04-07,SELL,1
TSLA,2025-04-07,BUY,1
TSM,2025-03-03,BUY,1
TSM,2025-03-03,BUY,1
TXT,2024-10-25,BUY,1
URNG.L,2025-01-07,BUY,1
URNG.L,2025-01-07,BUY,1
URNG.L,2025-02-03,SELL,2
USSC.L,2026-04-16,BUY,1
VDPG.L,2026-04-16,BUY,1
VFEM.L,2024-10-25,BUY,1
VFEM.L,2024-11-12,SELL,1
VIRT,2025-01-22,BUY,1
VIRT,2025-01-22,BUY,1
VIRT,2025-04-07,SELL,2
VRT,2024-10-25,BUY,1
VRT,2025-04-07,SELL,1
VRT,2025-04-07,BUY,1
VST,2024-10-25,BUY,1
VST,2025-04-07,SELL,1
VST,2025-04-07,BUY,1
VWRP.L,2024-10-31,BUY,1
VWRP.L,2024-10-31,BUY,1
VWRP.L,2025-02-03,SELL,2
WFC,2024-11-15,BUY,1
WFC,2024-11-15,BUY,1
WFC,2024-11-15,BUY,1
WFC,2024-12-30,SELL,3
WMT,2024-10-25,BUY,1
WMT,2024-11-14,SELL,1
WREE.L,2026-01-05,BUY,1
WREE.L,2026-04-16,BUY,1
ZS,2024-10-25,BUY,1
ZS,2025-04-07,SELL,1
ZS,2025-04-07,BUY,1
